{"cameraMode":{"drawMode":0,"name":"Shaded","section":"Shading Mode"},"sceneLighting":true,"audioPlay":false,"sceneViewState":{"m_AlwaysRefresh":false,"showFog":true,"showSkybox":true,"showFlares":true,"showImageEffects":true,"showParticleSystems":true,"showVisualEffectGraphs":true,"m_FxEnabled":true},"in2DMode":false,"pivot":{"x":-0.12717559933662415,"y":1.0750868320465088,"z":-1.4887793064117432},"rotation":{"x":0.10230981558561325,"y":-0.4342862367630005,"z":0.04972418025135994,"w":0.8935640454292297},"size":0.5673015713691711,"orthographic":false}