{"cameraMode":{"drawMode":0,"name":"Shaded","section":"Shading Mode"},"sceneLighting":true,"audioPlay":false,"sceneViewState":{"m_AlwaysRefresh":false,"showFog":true,"showSkybox":true,"showFlares":true,"showImageEffects":true,"showParticleSystems":true,"showVisualEffectGraphs":true,"m_FxEnabled":true},"in2DMode":false,"pivot":{"x":0.8875949382781982,"y":2.1811881065368654,"z":32.214080810546878},"rotation":{"x":0.08229602873325348,"y":-0.3467155396938324,"z":0.030554257333278657,"w":0.9338536262512207},"size":3.355320453643799,"orthographic":false}